类型,成分1,成分2,比例协调系数rho,rho_CI低,rho_CI高,p值_置换,Spearman_r_原始,p_FDR,稳健关联
高钾,SiO2,K2O,-0.03898396542618199,-0.11892573467073168,0.027057764729004327,0.19,-0.7441176470588236,0.6107142857142858,False
高钾,SiO2,CaO,-0.09726218410039862,-0.26912394661706857,-0.058301581593632856,0.004,-0.8147058823529412,0.06,True
高钾,SiO2,MgO,0.055078222302975884,-0.1426847978898766,0.15631143853017188,0.446,-0.2088235294117647,0.7433333333333333,False
高钾,SiO2,Al2O3,-0.2623259020013102,-0.39375439056981604,-0.15816079758907592,0.002,-0.7088235294117646,0.045,True
高钾,SiO2,Fe2O3,-0.08135112249495645,-0.1175654217063285,0.06413553547772759,0.07,-0.4852941176470588,0.37636363636363634,False
高钾,SiO2,CuO,-0.0565783473456209,-0.08961545720724118,0.08132825964035027,0.09,-0.28529411764705886,0.37636363636363634,False
高钾,SiO2,PbO,0.018526405189157085,-0.07607329717259256,0.11175398357903306,0.702,0.2358471664404802,0.9025000000000001,False
高钾,SiO2,BaO,0.06363967921116381,-0.08023562590697615,0.15448829116926927,0.352,0.49432106798150627,0.713076923076923,False
高钾,SiO2,P2O5,0.0071522098017602126,-0.06673038868274729,0.0816486404358405,0.824,-0.14705882352941177,0.9507692307692307,False
高钾,K2O,CaO,-0.03635399300445008,-0.18307920715632087,0.3295801487690225,0.874,0.6411764705882352,0.9648837209302326,False
高钾,K2O,MgO,-0.15243139388094834,-0.4360599622260086,0.08487284568509229,0.484,-0.09705882352941177,0.766551724137931,False
高钾,K2O,Al2O3,-0.035165436889937514,-0.44886444762722094,0.04790073933672879,0.708,0.22647058823529412,0.9025000000000001,False
高钾,K2O,Fe2O3,-0.16875915604415803,-0.3292802741867284,0.4642857051211647,0.582,0.07941176470588236,0.8729999999999999,False
高钾,K2O,CuO,-0.19367820386087067,-0.34968166336921996,0.23615588112992195,0.336,-0.06470588235294117,0.713076923076923,False
高钾,K2O,PbO,-0.41342707183974947,-0.6581668095230742,0.10669476472687554,0.17,-0.45676729703029706,0.6107142857142858,False
高钾,K2O,BaO,-0.5012115364169133,-0.6124689266990586,-0.1799030307573191,0.002,-0.7583683465306339,0.045,True
高钾,K2O,P2O5,-0.22417872933176156,-0.3584282571848941,-0.012891851291671651,0.184,-0.21470588235294116,0.6107142857142858,True
高钾,CaO,MgO,-0.22467549874309822,-0.4295708470719522,0.38103569804358056,0.33,-0.12058823529411765,0.713076923076923,False
高钾,CaO,Al2O3,0.3743725546157402,-0.03557465292020161,0.730833308183464,0.006,0.6147058823529412,0.0675,False
高钾,CaO,Fe2O3,0.7048069293102031,-0.41114644305457065,0.9263340933576643,0.088,0.29411764705882354,0.37636363636363634,False
高钾,CaO,CuO,0.7785323674780879,-0.33365023312349756,0.9568154394321624,0.076,0.2823529411764706,0.37636363636363634,False
高钾,CaO,PbO,0.15455499543667756,-0.45604127388082377,0.45861807180532455,0.788,-0.2657012381418068,0.9507692307692307,False
高钾,CaO,BaO,-0.023964687877065977,-0.7223382941974332,0.2105552328565705,0.982,-0.5526570946377091,0.9979999999999999,False
高钾,CaO,P2O5,-0.19164818723434757,-0.37381520399665663,0.45258489555614306,0.3,-0.18529411764705883,0.713076923076923,False
高钾,MgO,Al2O3,0.18776711195752901,-0.12441172751033545,0.5936428598442983,0.39,0.4558823529411765,0.713076923076923,False
高钾,MgO,Fe2O3,-0.08647280246930256,-0.4426992476450865,0.7742248815508078,0.722,0.3558823529411765,0.9025000000000001,False
高钾,MgO,CuO,-0.24075765899241708,-0.48515056213398605,0.3518889744841359,0.314,-0.13529411764705881,0.713076923076923,False
高钾,MgO,PbO,0.002136563620064942,-0.4572419786435473,0.4687136950790707,0.998,-0.053737329062387894,0.9979999999999999,False
高钾,MgO,BaO,0.1634460036192239,-0.3923999773997964,0.4967724095307791,0.662,0.024562537539453734,0.9025000000000001,False
高钾,MgO,P2O5,0.16372658554394687,-0.1722308724864772,0.49077799352130896,0.4,0.3294117647058824,0.713076923076923,False
高钾,Al2O3,Fe2O3,0.2534797750844116,-0.25611682111164774,0.4053455610862627,0.092,0.4294117647058823,0.37636363636363634,False
高钾,Al2O3,CuO,0.14531859995490629,-0.5030238110252521,0.2869062311143736,0.312,0.047058823529411764,0.713076923076923,False
高钾,Al2O3,PbO,0.1665094463145052,-0.11482940547541642,0.4211125538887447,0.332,0.12538710114557172,0.713076923076923,False
高钾,Al2O3,BaO,0.07833208224988479,-0.2789939334402815,0.40757215892958515,0.698,-0.14430490804429066,0.9025000000000001,False
高钾,Al2O3,P2O5,0.02442871834808147,-0.2698527569765809,0.45707335408880717,0.82,0.01764705882352941,0.9507692307692307,False
高钾,Fe2O3,CuO,0.8560554760303684,0.27126069272913517,0.9439872170491964,0.008,0.6294117647058822,0.072,True
高钾,Fe2O3,PbO,0.060904927387098434,-0.6018238943193852,0.45734299339036427,0.91,-0.06567895774291853,0.9648837209302326,False
高钾,Fe2O3,BaO,0.2963238830319958,-0.23016101561996152,0.5987723900803563,0.382,0.17193776277617615,0.713076923076923,False
高钾,Fe2O3,P2O5,0.24322992664839685,-0.17206546025307795,0.7457507156703339,0.36,0.36176470588235293,0.713076923076923,False
高钾,CuO,PbO,0.0685042515573048,-0.6450730547015111,0.4488928550711542,0.884,-0.1432995441663677,0.9648837209302326,False
高钾,CuO,BaO,0.23052384150923433,-0.07399305075788229,0.5094493410142327,0.494,0.15351585962158584,0.766551724137931,False
高钾,CuO,P2O5,0.11588511437952576,-0.13218712584787967,0.8581168872990993,0.69,0.5617647058823529,0.9025000000000001,False
高钾,PbO,BaO,0.6057775919559627,0.12009923957617559,0.9538652686829557,0.032,0.7479575920067656,0.24,True
高钾,PbO,P2O5,-0.052781082755385775,-0.5856738871655484,0.1692636641265366,0.922,-0.22987635210021484,0.9648837209302326,False
高钾,BaO,P2O5,0.216895495083515,-0.2187171939690613,0.4999583385852942,0.412,0.0921095157729515,0.713076923076923,False
铅钡,SiO2,K2O,-0.010281081114220238,-0.1388249829028782,0.1456668760616427,0.882,0.051405016689913964,0.9020454545454545,False
铅钡,SiO2,CaO,-0.10311305043071917,-0.24287514933878593,0.046934302829112914,0.284,-0.20189511211183037,0.44068965517241376,False
铅钡,SiO2,MgO,0.05151378707732013,-0.0793810995066671,0.21310445542737072,0.518,0.07568110456630886,0.684,False
铅钡,SiO2,Al2O3,0.15258493312958055,-0.05881423030935006,0.30986846013643665,0.152,0.19935269030796335,0.32571428571428573,False
铅钡,SiO2,Fe2O3,0.00948736505091282,-0.0848739034210769,0.12032510651426667,0.856,0.011818451041265356,0.9020454545454545,False
铅钡,SiO2,CuO,-0.10947930789431261,-0.29094938073192494,0.039752529332264586,0.042,-0.4918617201339538,0.135,False
铅钡,SiO2,PbO,-0.4053877113723313,-0.6164637559515308,-0.18850018005531607,0.006,-0.5867066942051777,0.045000000000000005,True
铅钡,SiO2,BaO,-0.33637242515955385,-0.5390287749284104,-0.1617807697885122,0.002,-0.5473052212972509,0.0225,True
铅钡,SiO2,P2O5,-0.07333533430555009,-0.127443468514601,-0.02512730089066165,0.03,-0.30165660393872024,0.11076923076923076,True
铅钡,K2O,CaO,0.020526313740154047,-0.30393428633436953,0.36977698521262187,0.908,0.15980663780840712,0.908,False
铅钡,K2O,MgO,0.3424940093544062,0.05067252380208448,0.582462899627043,0.028,0.37428155204562996,0.11076923076923076,True
铅钡,K2O,Al2O3,0.457177949862082,0.29471312098925917,0.5763799974838656,0.002,0.5219196911102512,0.0225,True
铅钡,K2O,Fe2O3,0.21269900347490872,-0.1522217371875778,0.5494049882769773,0.226,0.23757420965858847,0.4119230769230769,False
铅钡,K2O,CuO,-0.19390878236945022,-0.4967757358777664,0.15481760096404995,0.192,-0.11737084879306871,0.3756521739130435,False
铅钡,K2O,PbO,-0.1771717407059276,-0.3882247935852853,0.0200961475882447,0.086,-0.24310519281638812,0.20368421052631577,False
铅钡,K2O,BaO,-0.1578035858946925,-0.5010094864117672,0.21033861930758374,0.316,-0.07489556964617755,0.46741935483870967,False
铅钡,K2O,P2O5,0.14039629180984195,-0.056429369398106145,0.3449046737158951,0.272,0.15178877454096626,0.43714285714285717,False
铅钡,CaO,MgO,0.3218453268589141,-0.055688866123320684,0.6358504030623704,0.06,0.4233338201285316,0.16874999999999998,False
铅钡,CaO,Al2O3,0.23186570407414034,-0.015735036057120955,0.4974025147899485,0.112,0.4049908536750484,0.252,False
铅钡,CaO,Fe2O3,0.2696356877068486,-0.03519757537460696,0.553222789123921,0.07,0.43231893908948676,0.17500000000000002,False
铅钡,CaO,CuO,-0.17563069816015428,-0.45314645634744977,0.1409213089628179,0.232,-0.07232984669526576,0.4119230769230769,False
铅钡,CaO,PbO,0.11273886559080572,-0.12268941792680887,0.3116544815133522,0.364,0.08246165401444695,0.511875,False
铅钡,CaO,BaO,-0.19557806725407068,-0.3940648818382947,-0.007800766743740488,0.192,-0.2806885879536124,0.3756521739130435,True
铅钡,CaO,P2O5,0.2047490318979731,-0.011721584472353153,0.4621887825945216,0.068,0.5090807155456186,0.17500000000000002,False
铅钡,MgO,Al2O3,0.46122787716604546,0.19019062869051767,0.6995037366352781,0.002,0.609658757504825,0.0225,True
铅钡,MgO,Fe2O3,0.07418430596507507,-0.1972385336470718,0.35569950742631656,0.694,0.12320924121663042,0.78975,False
铅钡,MgO,CuO,-0.18595091268061295,-0.3998317990712716,0.07361604108782306,0.238,-0.15220277338603386,0.4119230769230769,False
铅钡,MgO,PbO,-0.050756251343355485,-0.28297350273327404,0.14087573895472516,0.702,-0.026465952550418014,0.78975,False
铅钡,MgO,BaO,-0.3151758452341916,-0.5021919826922385,-0.09216333105163382,0.058,-0.34603526573037646,0.16874999999999998,True
铅钡,MgO,P2O5,0.11471066232535618,-0.1046754722978668,0.3484689303848095,0.322,0.2035819541338779,0.46741935483870967,False
铅钡,Al2O3,Fe2O3,0.2695358945784512,0.10011336962715754,0.4396577543220606,0.022,0.4010521421367115,0.11,True
铅钡,Al2O3,CuO,-0.11199537498580481,-0.3566507246877875,0.19385805429575106,0.39,-0.15628517823639776,0.5318181818181819,False
铅钡,Al2O3,PbO,-0.45822085208688906,-0.6238104052252584,-0.16800869894074905,0.002,-0.30994371482176364,0.0225,True
铅钡,Al2O3,BaO,-0.35807015456533997,-0.52972774097485,-0.15005266854560081,0.032,-0.3703564727954972,0.11076923076923076,True
铅钡,Al2O3,P2O5,0.019274671745237063,-0.13628490898344345,0.21331555874746735,0.814,0.23078369504887714,0.8934146341463414,False
铅钡,Fe2O3,CuO,-0.3704036493876612,-0.6134576450581308,-0.09366198183650062,0.026,-0.32447217157312447,0.11076923076923076,True
铅钡,Fe2O3,PbO,-0.03424072374027723,-0.18879138297416756,0.12575829250621332,0.694,0.050013338800169824,0.78975,False
铅钡,Fe2O3,BaO,-0.3362520863030119,-0.5483931071780878,-0.10972574733329303,0.01,-0.48803186178918084,0.05625,True
铅钡,Fe2O3,P2O5,0.3837236591698266,0.15299308664945463,0.5946563446501517,0.006,0.4360958973721161,0.045000000000000005,True
铅钡,CuO,PbO,-0.009514204629100525,-0.23421233895566956,0.2722152337930453,0.872,0.008818011257035649,0.9020454545454545,False
铅钡,CuO,BaO,0.4118237176217599,0.20790492271680774,0.6511106803232911,0.008,0.4902439024390245,0.05142857142857143,True
铅钡,CuO,P2O5,0.08647787274241282,-0.12576048268853512,0.30496778277856174,0.532,0.21088693077463477,0.684,False
铅钡,PbO,BaO,0.05894359912359298,-0.19136585530529834,0.27855263933355084,0.646,-0.0028142589118198874,0.7856756756756756,False
铅钡,PbO,P2O5,0.06607454442311606,-0.03275924605524792,0.14832453372274837,0.264,0.14866261608679193,0.43714285714285717,False
铅钡,BaO,P2O5,-0.05378554040838603,-0.18202397628018033,0.09479819016147564,0.564,-0.15776632426887452,0.705,False
